<Customization level="" description="" product-version="24.204">
    <Graph ClassName="WikiRevisionMaint" Source="#CDATA" IsNew="True" FileType="NewGraph">
        <CDATA name="Source"><![CDATA[using System;
using System.Collections.Generic;
using System.Linq;
using System.Text;
using PX.Data;
using PX.SM;

namespace PX.Objects.WI
{
  public class WikiRevisionMaint : PXGraph<WikiRevisionMaint, WikiRevision>
  {
    public PXSelect<WikiRevision> WikiRevision;
    public PXSelect<WikiRevision,
      Where<WikiRevision.pageID, Equal<Current<WikiRevision.pageID>>,
        And<WikiRevision.language, Equal<Current<WikiRevision.language>>,
        And<WikiRevision.pageRevisionID, Equal<Current<WikiRevision.pageRevisionID>>>>>> CurrentWikiRevision;

    public PXSelect<WikiFileInPage,
      Where<WikiFileInPage.pageID, Equal<Current<WikiRevision.pageID>>,
        And<WikiFileInPage.language, Equal<Current<WikiRevision.language>>,
        And<WikiFileInPage.pageRevisionID, Equal<Current<WikiRevision.pageRevisionID>>>>>> Files;

    [PXDBGuid(IsKey = true)]
    [PXUIField(DisplayName = "Page ID")]
    public void _(Events.CacheAttached<WikiRevision.pageID> e) { }

    public virtual void _(Events.RowInserting<WikiFileInPage> e)
    {
      e.Row.PageID  = WikiRevision.Current.PageID;
      e.Row.PageRevisionID = WikiRevision.Current.PageRevisionID;
      e.Row.Language = WikiRevision.Current.Language;
    }
  }
}]]></CDATA>
    </Graph>
    <EntityEndpoint>
        <Endpoint xmlns:xsd="http://www.w3.org/2001/XMLSchema" xmlns:xsi="http://www.w3.org/2001/XMLSchema-instance" name="Wiki" version="24.200.001" systemContractVersion="4" xmlns="http://www.acumatica.com/entity/maintenance/5.31">
            <ExtendsEndpoint name="Default" version="24.200.001" />
            <TopLevelEntity name="WikiPage" screen="WI301000">
                <Fields>
                    <Field name="ArticleID" type="StringValue" />
                    <Field name="PageID" type="StringValue" />
                </Fields>
                <Mappings>
                    <Mapping field="PageID">
                        <To object="Pages" field="PageID" />
                    </Mapping>
                    <Mapping field="ArticleID">
                        <To object="Pages" field="Name" />
                    </Mapping>
                </Mappings>
            </TopLevelEntity>
            <TopLevelEntity name="WikiRevision" screen="WI302000">
                <Fields>
                    <Field name="Content" type="StringValue" />
                    <Field name="Language" type="StringValue" />
                    <Field name="PageID" type="GuidValue" />
                    <Field name="VersionID" type="IntValue" />
                    <Field name="WikiFiles" type="Files[]" />
                </Fields>
                <Mappings>
                    <Mapping field="Language">
                        <To object="WikiRevision" field="Language" />
                    </Mapping>
                    <Mapping field="PageID">
                        <To object="WikiRevision" field="PageID" />
                    </Mapping>
                    <Mapping field="VersionID">
                        <To object="WikiRevision" field="PageRevisionID" />
                    </Mapping>
                    <Mapping field="Content">
                        <To object="CurrentWikiRevision" field="Content" />
                    </Mapping>
                    <Mapping field="WikiFiles">
                        <Mapping field="FileID">
                            <To object="Files" field="FileID" />
                        </Mapping>
                        <Mapping field="Language">
                            <To object="Files" field="Language" />
                        </Mapping>
                        <Mapping field="PageID">
                            <To object="Files" field="PageID" />
                        </Mapping>
                        <Mapping field="PageVersionID">
                            <To object="Files" field="PageRevisionID" />
                        </Mapping>
                    </Mapping>
                </Mappings>
            </TopLevelEntity>
            <Detail name="Files">
                <Fields>
                    <Field name="FileID" type="GuidValue" />
                    <Field name="Language" type="StringValue" />
                    <Field name="PageID" type="GuidValue" />
                    <Field name="PageVersionID" type="IntValue" />
                </Fields>
            </Detail>
        </Endpoint>
    </EntityEndpoint>
    <File AppRelativePath="Pages\WI\WI301000.aspx" />
    <File AppRelativePath="Pages\WI\WI301000.aspx.cs" />
    <File AppRelativePath="Pages\WI\WI302000.aspx" />
    <File AppRelativePath="Pages\WI\WI302000.aspx.cs" />
    <SiteMapNode>
        <data-set>
            <relations format-version="3" relations-version="20240201" main-table="SiteMap">
                <link from="MUIScreen (NodeID)" to="SiteMap (NodeID)" />
                <link from="MUIWorkspace (WorkspaceID)" to="MUIScreen (WorkspaceID)" type="FromMaster" linkname="workspaceToScreen" split-location="yes" updateable="True" />
                <link from="MUISubcategory (SubcategoryID)" to="MUIScreen (SubcategoryID)" type="FromMaster" updateable="True" />
                <link from="MUITile (ScreenID)" to="SiteMap (ScreenID)" />
                <link from="MUIWorkspace (WorkspaceID)" to="MUITile (WorkspaceID)" type="FromMaster" linkname="workspaceToTile" split-location="yes" updateable="True" />
                <link from="MUIArea (AreaID)" to="MUIWorkspace (AreaID)" type="FromMaster" updateable="True" />
                <link from="MUIPinnedScreen (NodeID, WorkspaceID)" to="MUIScreen (NodeID, WorkspaceID)" type="WeakIfEmpty" isEmpty="Username" />
                <link from="MUIFavoriteWorkspace (WorkspaceID)" to="MUIWorkspace (WorkspaceID)" type="WeakIfEmpty" isEmpty="Username" />
            </relations>
            <layout>
                <table name="SiteMap">
                    <table name="MUIScreen" uplink="(NodeID) = (NodeID)">
                        <table name="MUIPinnedScreen" uplink="(NodeID, WorkspaceID) = (NodeID, WorkspaceID)" />
                    </table>
                    <table name="MUITile" uplink="(ScreenID) = (ScreenID)" />
                </table>
                <table name="MUIWorkspace">
                    <table name="MUIFavoriteWorkspace" uplink="(WorkspaceID) = (WorkspaceID)" />
                </table>
                <table name="MUISubcategory" />
                <table name="MUIArea" />
            </layout>
            <data>
                <SiteMap>
                    <row Title="Wiki Page Edit" Url="~/Pages/WI/WI301000.aspx" ScreenID="WI301000" NodeID="06aa0f99-a610-47f8-888a-362fc17d202a" ParentID="00000000-0000-0000-0000-000000000000" SelectedUI="E">
                        <MUIScreen IsPortal="0" WorkspaceID="51ce11c7-dfb9-4637-8c8a-917b358e413c" Order="70" SubcategoryID="1f73ea60-01bd-416b-8c67-d99d0c9d8a31" />
                    </row>
                </SiteMap>
                <MUIWorkspace>
                    <row IsPortal="0" WorkspaceID="51ce11c7-dfb9-4637-8c8a-917b358e413c" Order="800" Title="System Management" Icon="poll" AreaID="3635ea7d-0975-48ff-b4ac-a870f7e1e8b5" ScreenID="WSSM0000" IsSystem="0" />
                </MUIWorkspace>
                <MUISubcategory>
                    <row IsPortal="0" SubcategoryID="1f73ea60-01bd-416b-8c67-d99d0c9d8a31" Order="1392.75" Name="Wiki Preferences" Icon="" IsSystem="0" />
                </MUISubcategory>
                <MUIArea>
                    <row IsPortal="0" AreaID="3635ea7d-0975-48ff-b4ac-a870f7e1e8b5" Order="30" Name="Configuration" />
                </MUIArea>
            </data>
        </data-set>
    </SiteMapNode>
    <SiteMapNode>
        <data-set>
            <relations format-version="3" relations-version="20240201" main-table="SiteMap">
                <link from="MUIScreen (NodeID)" to="SiteMap (NodeID)" />
                <link from="MUIWorkspace (WorkspaceID)" to="MUIScreen (WorkspaceID)" type="FromMaster" linkname="workspaceToScreen" split-location="yes" updateable="True" />
                <link from="MUISubcategory (SubcategoryID)" to="MUIScreen (SubcategoryID)" type="FromMaster" updateable="True" />
                <link from="MUITile (ScreenID)" to="SiteMap (ScreenID)" />
                <link from="MUIWorkspace (WorkspaceID)" to="MUITile (WorkspaceID)" type="FromMaster" linkname="workspaceToTile" split-location="yes" updateable="True" />
                <link from="MUIArea (AreaID)" to="MUIWorkspace (AreaID)" type="FromMaster" updateable="True" />
                <link from="MUIPinnedScreen (NodeID, WorkspaceID)" to="MUIScreen (NodeID, WorkspaceID)" type="WeakIfEmpty" isEmpty="Username" />
                <link from="MUIFavoriteWorkspace (WorkspaceID)" to="MUIWorkspace (WorkspaceID)" type="WeakIfEmpty" isEmpty="Username" />
            </relations>
            <layout>
                <table name="SiteMap">
                    <table name="MUIScreen" uplink="(NodeID) = (NodeID)">
                        <table name="MUIPinnedScreen" uplink="(NodeID, WorkspaceID) = (NodeID, WorkspaceID)" />
                    </table>
                    <table name="MUITile" uplink="(ScreenID) = (ScreenID)" />
                </table>
                <table name="MUIWorkspace">
                    <table name="MUIFavoriteWorkspace" uplink="(WorkspaceID) = (WorkspaceID)" />
                </table>
                <table name="MUISubcategory" />
                <table name="MUIArea" />
            </layout>
            <data>
                <SiteMap>
                    <row Title="Wiki Revision" Url="~/Pages/WI/WI302000.aspx" ScreenID="WI302000" NodeID="667e8470-db9b-49c0-b518-dd36941f6443" ParentID="00000000-0000-0000-0000-000000000000" SelectedUI="E">
                        <MUIScreen IsPortal="0" WorkspaceID="6a637fdf-ee71-441c-b9ce-b47b91728ea6" Order="10" SubcategoryID="aaaaaaaa-aaaa-aaaa-aaaa-aaaaaaaaaaaa" />
                        <MUIScreen IsPortal="0" WorkspaceID="51ce11c7-dfb9-4637-8c8a-917b358e413c" Order="80" SubcategoryID="1f73ea60-01bd-416b-8c67-d99d0c9d8a31" />
                    </row>
                </SiteMap>
                <MUIWorkspace>
                    <row IsPortal="0" WorkspaceID="6a637fdf-ee71-441c-b9ce-b47b91728ea6" Order="145" Title="Currency Management" Icon="attach_money" AreaID="338edf81-5456-4735-8601-b213458e93fe" ScreenID="WSCR0000" IsSystem="0" />
                    <row IsPortal="0" WorkspaceID="51ce11c7-dfb9-4637-8c8a-917b358e413c" Order="800" Title="System Management" Icon="poll" AreaID="3635ea7d-0975-48ff-b4ac-a870f7e1e8b5" ScreenID="WSSM0000" IsSystem="0" />
                </MUIWorkspace>
                <MUISubcategory>
                    <row IsPortal="0" SubcategoryID="1f73ea60-01bd-416b-8c67-d99d0c9d8a31" Order="1392.75" Name="Wiki Preferences" Icon="" IsSystem="0" />
                </MUISubcategory>
                <MUIArea>
                    <row IsPortal="0" AreaID="338edf81-5456-4735-8601-b213458e93fe" Order="10" Name="Financials" />
                    <row IsPortal="0" AreaID="3635ea7d-0975-48ff-b4ac-a870f7e1e8b5" Order="30" Name="Configuration" />
                </MUIArea>
            </data>
        </data-set>
    </SiteMapNode>
</Customization>